"m","true_N","true_M","mse_N_HG","mse_M_HG","mse_N_NHG","mse_M_NHG","mse_N_ratio","mse_M_ratio"
5,50,10,459.176502877156,7.08930347874612,208.1824,6.45284630083889,0.453382084439315,0.910222890046202
5,50,15,444.519587774668,16.0933867279333,364.1524,14.6384277368818,0.819204395070646,0.90959274044374
5,50,20,365.402033204524,24.7132705908678,553.84,32.9774054941908,1.51570037841033,1.33440069670005
5,50,25,237.623157323056,31.3255141172631,768.64,67.2283028648948,3.23470156974226,2.14611969697398
5,50,30,155.888003355529,34.864596988787,1020.1,122.411449232867,6.54380053655244,3.51105303962745
5,75,10,1330.42844187639,8.89962683538549,421.7248,9.71017884594594,0.316984203528612,1.09107707834868
5,75,15,1521.87200590807,21.3364324480199,653.261399999998,17.1601102571706,0.429248581657306,0.804263332165594
5,75,20,1471.09527303508,36.016563895371,860.788,28.0732274459087,0.585134094152905,0.779453240666216
5,75,25,1313.58994160495,50.7590538032162,1076.02,46.3035288628986,0.819144518330674,0.912222064706115
5,75,30,1012.06767625938,63.6307530725785,1333.2096,76.3131505829554,1.31731269684213,1.1993123905969
5,75,35,755.944158537645,75.619555774445,1632.4961,122.715723035331,2.15954588915406,1.62280407202289
5,75,40,599.142940291925,83.4107348592001,1980.2976,188.992944188694,3.30521728092986,2.26581080370194
5,75,45,436.866157270837,86.9694814513637,2352.3381,276.625010702727,5.38457388115248,3.18071358005538
5,75,50,299.120557141106,84.7000167906922,2741.7,387.080493443525,9.16586952834083,4.57001672620757
5,75,55,202.853123579188,79.0677175226656,3241.6938,529.925743721467,15.9804973312848,6.7021758098627
5,100,10,2824.17842549724,9.96853488701062,753.514800000001,12.3648299054161,0.26680849665769,1.24038587872406
5,100,15,3516.28510529595,25.8447354735713,1075.6213,23.5972250513616,0.305897066873214,0.913037979262431
5,100,20,3502.77039877269,43.7132623341865,1263.5968,32.7803918343059,0.360742114425411,0.749895800128137
5,100,25,3067.6537584486,63.80014694892,1571.3925,46.3864320421603,0.512245717324598,0.727058388741619
5,100,30,3014.85708202033,84.1015966182114,1869.2656,66.7325323836656,0.62001798066904,0.793475214110445
5,100,35,2563.81415844685,106.463216666213,2118.1183,95.4776487767826,0.826159061888928,0.8968134888891
5,100,40,2009.74705970889,123.401698840213,2475.3152,137.934913342763,1.23165509213808,1.11777159179444
5,100,45,1728.55903841778,135.411854960441,2843.5951,195.954393707827,1.64506680813336,1.44709924965633
5,100,50,1458.59550029111,152.41232562166,3271.53,272.9935949388,2.24293164166972,1.79115169213062
5,100,55,1027.92021283713,154.586271964769,3683.2797,369.993068108848,3.58323501571576,2.39344065554004
5,100,60,831.309875716207,161.033459715466,4249.4608,493.505442394849,5.11176508800514,3.06461429361845
5,250,10,21803.350739147,12.2134132725862,5267.33520000001,24.6308527764234,0.241583748434718,2.0167050951849
5,250,20,29332.2813275387,59.6476924002699,7814.21119999999,78.2148817315858,0.266403117873535,1.3112809328267
5,250,30,28640.8244318332,128.811964694508,8788.83879999998,128.122859150458,0.306864029732032,0.994650298629602
5,250,40,28303.1662960631,216.798718003192,9706.48639999999,182.152169717867,0.342947015131312,0.840190252947828
5,250,50,27004.4281224254,327.075859539434,10456.8,239.544707666413,0.387225382170425,0.73238272003236
5,250,60,25445.9729855241,432.389966192806,11569.5136,299.442705832037,0.454669727370291,0.692529265812134
5,250,70,22894.2099388694,546.941672714307,12409.9376,386.393206188113,0.542055726453816,0.706461448202621
5,250,80,19492.3139603121,639.93174862953,13733.6832,504.728953909349,0.704569156230649,0.788723102096857
5,250,90,18565.1713323451,757.620699758025,14607.94,655.780463376389,0.786846495434674,0.865578862332877
5,250,100,16506.0308964935,862.413138559969,16288,875.729941500637,0.986790834340446,1.01544132660468
5,250,110,13389.6630673961,931.030233510963,18224.8768,1172.58897032734,1.36111541479918,1.25945316072653
5,250,120,10660.1806048371,1028.02594790767,19665.664,1497.06787467492,1.84477775086443,1.45625494932485
5,250,130,8607.86530650537,1038.32271075274,22432.3932,1967.58325045724,2.60603441169633,1.89496312666687
5,250,140,6633.82581195248,1084.9299380044,24172.144,2466.41759455871,3.64377128450492,2.27334273685487
5,250,150,6946.38840392494,1121.14430171515,27014.62,3096.90656173845,3.88901662693319,2.762272935786
5,500,10,99076.4958946465,13.2405990216239,22182.6424,32.0117006552587,0.223894095160451,2.41769277983411
5,500,20,128984.220396598,66.6579339187521,31208.6576,112.69724246605,0.241957175102817,1.69068010123767
5,500,30,135720.196228454,151.332606524662,35455.9455999999,235.10009473693,0.261242958566889,1.55353231624023
5,500,40,143540.214237193,269.334334900899,39154.0095999999,345.160153302461,0.272773799370955,1.28153045704129
5,500,50,134384.019705654,389.615344563343,40000.44,471.927734381339,0.297657713228213,1.21126578038205
5,500,60,137125.605762436,569.038383244896,42056.6512,561.621470051643,0.306701662072226,0.986965882422626
5,500,70,126853.952425156,738.896809923868,42922.8444,670.435097898925,0.338364265199578,0.907346044663534
5,500,80,121605.902390585,945.980879544202,42748.0575999997,779.900051737837,0.351529463287874,0.824435322745226
5,500,90,114900.245044437,1117.80503894216,45220.714,858.20462909862,0.393564991811036,0.767758776531177
5,500,100,121572.145828433,1348.48121668701,45852.64,988.645334317381,0.377164026245854,0.733154694394865
5,500,110,115997.361207101,1566.17296379747,47426.4376,1105.55316960326,0.408857900787288,0.705894684149473
5,500,120,101675.350239664,1835.81474743677,49527.2320000001,1223.95737066416,0.487111496378003,0.666710719245009
5,500,130,104666.265222024,2051.54611431815,50969.9324,1400.64322441204,0.486975744208316,0.682725684125096
5,500,140,103229.536541173,2261.31603325822,53981.2512000001,1601.25584226254,0.522924474997229,0.708107941885223
5,500,150,87848.6619887226,2528.132184161,54765.46,1790.96028674485,0.623406876783513,0.708412439019364
5,500,160,85031.7147828368,2652.62376954308,57926.8096,2082.04195597581,0.681237697580717,0.784899079877601
5,500,170,81114.3484661469,2943.18584892514,61153.9904000003,2375.86081237006,0.753923215268417,0.807241178207532
5,500,180,74743.5786088282,3117.43129157669,62754.8992,2727.19234033086,0.839602550052211,0.874820352159724
5,500,190,70039.5127154817,3327.10938697685,64860.8156,3122.96532038475,0.926060349155784,0.938642213751321
5,500,200,64518.4270876555,3530.36925438219,68244.4799999997,3609.10775956128,1.0577517630317,1.02230319252904
5,500,210,62122.0597793343,3681.18857611753,72402.6388000001,4155.56554773995,1.16548998950105,1.12886516455583
5,500,220,59258.2643739578,3833.16844852321,74905.8368,4710.12967309432,1.26405721786409,1.228782334079
5,500,230,50808.1823636932,4041.43276770512,79108.6844,5399.24929007589,1.55700677961135,1.33597404693232
5,500,240,47290.5599903848,4130.18740077861,82693.2735999997,6154.66344858344,1.74862115434482,1.49016566352974
5,500,250,39412.4234523366,4290.24782987093,87082.75,6991.13351910769,2.2095253824042,1.62954071567423
5,500,260,38803.6418102835,4205.54727932668,91861.8847999999,7928.23215825897,2.36735214826293,1.88518440803935
5,500,270,32250.448640355,4374.16044549004,94466.5863999999,8826.61531523582,2.92915572907082,2.01789930324491
5,500,280,33944.3562389636,4555.96047072052,101822.4768,10065.0069339004,2.99968796235769,2.20919540425878
5,500,290,27263.8797370334,4464.24198311866,101882.4768,11010.779888448,3.73690310339837,2.46643885570827
5,500,300,25274.3025998725,4572.81453299029,107761.6,12337.2945578637,4.26368243294451,2.69796521788869
5,750,10,226838.621378993,13.1725114500204,49938.9176000001,33.722480224006,0.220151741781943,2.560064597549
5,750,20,281392.30172989,66.4950405273015,71572.9952000001,137.627772787637,0.254353067798931,2.06974492678337
5,750,30,307298.14341019,161.082675232494,81770.8500000002,287.292543926803,0.266096140681365,1.78350988715669
5,750,40,311625.576244603,280.328027140322,86325.9647999998,453.082012217914,0.277018227580397,1.61625655786147
5,750,50,317238.158592624,435.810678121069,92406.2900000001,622.332445932739,0.291283653927212,1.42798806265104
5,750,60,323543.866930324,618.943701778003,92577.3696000001,800.08512160431,0.286135448890882,1.29266219093264
5,750,70,327450.189828686,836.366175998991,95603.22,977.711235012621,0.291962634225429,1.16899901391254
5,750,80,330381.704038209,1119.37254082728,96295.1936,1159.45750054541,0.291466483836718,1.03581020460668
5,750,90,315087.484879021,1291.25789807472,97314.3108000001,1316.06589678392,0.308848543563589,1.01921227258024
5,750,100,326061.96611883,1572.39064061097,97841.44,1494.64304204064,0.30007007920802,0.950554527251495
5,750,110,297749.45762497,1888.50415994869,100285.2096,1625.98637628967,0.33681072133577,0.860991683668757
5,750,120,300110.421687826,2167.5316568057,99546.912,1743.63512334315,0.331700950070799,0.804433521359844
5,750,130,302772.753952612,2474.79520513386,100749.6096,1922.82164554308,0.332756525429526,0.776961924588454
5,750,140,289953.110899164,2742.88375678205,106753.0944,2090.93121688305,0.368173647349227,0.762311276120623
5,750,150,269176.120421773,3118.32762298274,109007.46,2222.41838583343,0.404967052163453,0.712695603070612
5,750,160,284432.225134495,3483.5049040391,110388.2432,2394.91398218058,0.388100339712922,0.687501251800649
5,750,170,246654.140847718,3744.01242764142,110661.8348,2595.28940768404,0.448651842696294,0.693183972500587
5,750,180,238052.773908515,4240.65716450427,113656.4064,2865.05398319949,0.477442058472625,0.675615564300023
5,750,190,250925.582347482,4511.84655165346,114199.5752,3047.80359839086,0.455113321374529,0.675511359594872
5,750,200,227139.734078237,4735.11784776576,118067.44,3327.04480886964,0.519800907926275,0.702631891292735
5,750,210,217276.645920632,5150.97137942973,122512.6116,3638.96286763189,0.563855406920963,0.706461480676051
5,750,220,218508.715017389,5355.99635313879,123628.7232,3914.49949487756,0.565783946833248,0.730862987347544
5,750,230,217154.014401329,5947.87499814945,126349.7028,4271.62080475979,0.581843734956192,0.718175954620568
5,750,240,193276.204194326,6139.52948847509,134766.9504,4764.87664187448,0.697276475196612,0.776098013832972
5,750,250,197356.368553847,6558.16260937998,132639.5,5105.27872759839,0.672081174638204,0.77846174785243
5,750,260,172465.909024195,6748.95069704948,134774.208,5565.48674803422,0.781454194411796,0.824644748178017
5,750,270,171107.932061137,7142.4300430379,140473.9296,6155.07917483124,0.820966789253279,0.861762612688229
5,750,280,168039.79990268,7325.92773006282,145462.2208,6764.58396283368,0.865641478294094,0.923375743262441
5,750,290,142990.387807125,7716.91963810077,150377.8216,7420.35614718756,1.05166384892136,0.961569705942123
5,750,300,139776.100653107,7895.70981042088,158449.68,8218.11429512976,1.13359636775987,1.04083286904533
5,750,310,138394.457452043,8372.89919085874,159426.0464,8878.32542567052,1.15196843381712,1.06036454318757
5,750,320,136127.205329265,8292.94057055215,161952.3904,9598.8763012059,1.18971362122854,1.15747559258908
5,750,330,127819.090510394,8585.2045890337,170885.5812,10718.6917738096,1.33693316481628,1.24850743656139
5,750,340,131471.732123377,8877.39130066485,177318.1344,11774.7882533502,1.34871680426025,1.32637932186997
5,750,350,116450.594401037,9022.4680804124,182043.91,12708.9551238214,1.56327162550214,1.40858964648623
5,750,360,106225.952984864,9284.35908282105,184396.4064,13736.9529180841,1.73588846434048,1.47958009761834
5,750,370,100645.712699359,9436.55736646778,192124.3316,15087.2565446647,1.90891719525003,1.59880939189501
5,750,380,90003.2463290024,9721.80256771206,195111.1968,16200.0068063167,2.16782399255668,1.6663583418285
5,750,390,87378.4198894347,9886.34777329806,201922.8948,17627.3777744953,2.31090119340114,1.78300199211127
5,750,400,81942.8226519064,9646.36543768325,215128.8,19410.3058851373,2.62535256948455,2.01218852950682
5,750,410,70178.0604923692,9880.5642610912,218952.882,20852.7937775223,3.119962000429,2.1104861247286
5,750,420,68759.5643365624,10053.9103619773,226258.416,22456.3732926915,3.29057372866001,2.23359593274464
5,750,430,72447.9940618482,10328.7308882325,231793.4328,24196.6062751534,3.1994458342369,2.34265047051623
5,750,440,65803.4075370091,10327.2705491457,237615.3344,26009.224042342,3.61098829519369,2.51849933809409
5,750,450,57026.8645801747,10153.0799161523,248306.13,28113.6054740288,4.3541957256111,2.76897312994686
5,1000,10,363192.177603091,13.0927101852785,88392.9392,33.138756511499,0.243377871691386,2.531084553354
5,1000,20,501779.602660074,67.7774851669811,125794.3664,138.878829644065,0.250696452651979,2.04904075891742
5,1000,30,556935.788851182,161.671415939824,151531.162,317.799353798816,0.272080130301143,1.9657114521537
5,1000,40,568003.209932286,294.2228792577,156586.304,520.878409946898,0.275678554736808,1.77035318008249
5,1000,50,609375.611169986,460.474173389666,159663.97,707.623451024641,0.262012405933755,1.53672777305977
5,1000,60,589798.692715948,651.344776399468,165262.2496,914.105486627419,0.280201112076034,1.40341263144912
5,1000,70,592100.365714448,903.643368973651,162817.71,1227.5077510625,0.274983295785569,1.35839844922084
5,1000,80,589357.046051633,1121.41822564575,169147.5456,1411.8520941755,0.287003518042577,1.25898800455335
5,1000,90,541099.945853889,1416.1180059892,169446.4012,1691.04132780671,0.313151761515339,1.1941387092423
5,1000,100,585514.04284645,1670.3203397462,178418.84,1905.20528853937,0.304721709376303,1.1406226956614
5,1000,110,578341.202209623,2016.48828658234,181346.5424,2090.69886393967,0.313563242091595,1.03680188863537
5,1000,120,578594.986861015,2381.91466398007,178681.408,2374.8587865332,0.308819488688244,0.997037728700539
5,1000,130,529286.107081424,2715.3165353339,178649.2932,2550.47124677025,0.337528778499596,0.939290581256902
5,1000,140,529970.469602624,3135.69015011326,179619.2416,2717.17151935084,0.338923113460793,0.866530616634013
5,1000,150,539701.596121001,3377.38270572095,185570.05,2916.13611060925,0.343838245678256,0.863430758282028
5,1000,160,524129.536645625,3912.15211595996,179542.9376,3149.16942668079,0.342554511903787,0.804971108826131
5,1000,170,527786.774436012,4300.64273787029,178690.2268,3292.87338589787,0.338565184758461,0.765670060640407
5,1000,180,506587.316452382,4688.14341081656,189694.273599999,3516.28082984532,0.374455236914385,0.750036959563246
5,1000,190,530684.690306952,5236.64809064073,194565.3988,3869.61820606852,0.36663088714216,0.738949446113162
5,1000,200,468214.975965666,5625.49762939208,193280,4003.12942432464,0.412801832323649,0.711604499379594
5,1000,210,479324.589056241,6016.29574736939,196804.7932,4337.81164334238,0.410587726341133,0.721010373407769
5,1000,220,517341.384324498,6718.66773658467,194343.9488,4524.2528989506,0.375659003297713,0.673385420492669
5,1000,230,505124.514127394,7017.00752875937,202602.4384,4699.26552775363,0.401094052522865,0.669696520702533
5,1000,240,436500.75425273,7383.93407777404,203546.9824,4967.42703371649,0.466315305109755,0.672734477501452
5,1000,250,453987.002012854,7978.33334831687,201343.25,5370.62516148342,0.443500032175589,0.673151261925703
5,1000,260,448357.003239411,8580.64973897659,216715.1808,5827.00498589727,0.483354066590278,0.679086684942841
5,1000,270,397185.822616268,8617.80421072814,211792.445199999,5980.88663308896,0.533232641097105,0.694015144326842
5,1000,280,424184.178002293,9304.86150891588,214604.8384,6372.64488243968,0.505923722593066,0.684872620224754
5,1000,290,398624.981686833,9402.81575003126,212263.4996,6708.68043452207,0.532489205021168,0.713475687801259
5,1000,300,358495.63789216,10336.1494605828,218809.240000001,7173.65996166184,0.610353981673331,0.69403601302582
5,1000,310,402285.592798374,10773.9575828439,228332.921600001,7819.12091406791,0.56758911004412,0.725742685911331
5,1000,320,356323.200187557,10921.7563052472,235751.424,8328.30739040932,0.661622436809918,0.762542869264358
5,1000,330,330881.39176926,11255.163597524,237802.6432,8922.91244299644,0.718694520500058,0.792783895647626
5,1000,340,298985.508751574,11776.835489919,244540.536,9552.32280269722,0.817900964568782,0.811111169114493
5,1000,350,323811.652895459,12144.5223727449,238284.43,9949.62825475301,0.735873548309052,0.819268798671102
5,1000,360,324425.908702843,12723.1739375889,248604.7168,10847.7208820573,0.766291193554792,0.852595502920002
5,1000,370,299045.633783623,12807.3773746758,257141.4836,11743.1891523371,0.859873726783978,0.916908185711551
5,1000,380,294112.105413268,13679.8497428065,259503.3024,12475.7107506129,0.882327852623958,0.911977177028073
5,1000,390,283900.580434672,13701.9477223758,262640.8372,13291.0910290923,0.925115534451805,0.970014723336557
5,1000,400,243387.408448009,13921.530306112,280206.080000001,14529.4941444961,1.15127599158383,1.04367076212283
5,1000,410,252701.815870341,14624.1761438356,278655.069199999,15292.7984456702,1.1027030741361,1.04572033974826
5,1000,420,257907.590215639,14948.6208397362,283836.9664,16396.3872854408,1.10053746833383,1.09684949944386
5,1000,430,243652.571362473,15396.6504168265,294313.5324,17642.8550595016,1.20792294845992,1.14588917601326
5,1000,440,209607.223858241,15447.0045490638,304736.7104,19057.3348639224,1.45384641230732,1.23372365194761
5,1000,450,222724.908970881,15628.4072050459,307468.63,20138.04970374,1.3804860508,1.2885541974641
5,1000,460,203062.906712348,16076.3077906069,320147.7104,21829.6125967511,1.57659375404052,1.35787476086429
5,1000,470,230733.513653415,16612.9531939015,320333.9964,22825.8917716162,1.38832886184524,1.3739815856458
5,1000,480,213726.48898523,16629.010674442,327633.2032,24360.2786411589,1.5329555300122,1.46492651415514
5,1000,490,191951.784958373,16936.1917145425,340350.5732,26128.8136683713,1.77310449743309,1.5427797528966
5,1000,500,154111.697602495,17069.4263325842,343589,27617.6518978254,2.22948034020253,1.61796016806408
5,1000,510,172348.341505776,17700.3823110483,341474.1892,29084.8303879133,1.9813024379382,1.64317526462459
5,1000,520,168136.121307215,17379.845218338,361115.0208,31349.3879461748,2.14775396263708,1.8037783163395
5,1000,530,145455.121824947,17094.215190141,377310.6108,33704.1166832898,2.59400017040367,1.9716679770551
5,1000,540,145255.333235584,17599.522913227,384497.5456,35628.8855364265,2.64704597783268,2.02442337284322
5,1000,550,146761.569074185,17509.6540140838,391501.34,37786.6611902173,2.6676012151526,2.15804727836562
5,1000,560,126033.468545401,17951.1405048601,395050.1888,39755.7911204009,3.13448636587901,2.2146665895483
5,1000,570,115443.343433611,17941.2325771558,403010.1808,41728.8313697329,3.49097807472773,2.32586201590549
5,1000,580,107753.969360702,18229.6982754972,418539.9776,44815.8605791574,3.88421865183409,2.45839837291191
5,1000,590,111629.575914817,18222.4096973225,432004.6872,47504.8570579262,3.86998412974048,2.60694704196593
5,1000,600,102949.473486701,18177.5393934303,435527.68,49550.6629061882,4.23049934350817,2.72592796163031
10,150,20,1347.25955685502,14.9250221574132,1075.1648,15.4239360321546,0.798038354621005,1.03342801568261
10,150,30,1668.0138055218,39.6459987383776,1785.42,40.0276831436001,1.07038682419147,1.00962731214671
10,150,40,1413.31141985323,66.8643070865326,2604.2304,86.5164728847364,1.84264441892817,1.29391115610861
10,150,50,1313.71295008037,97.3365159731705,3436.43,166.031170639077,2.61581496916033,1.7057439233272
10,150,60,1098.11655821992,125.273609871718,4501.8288,295.955615776867,4.09959103730993,2.36247375708204
10,250,20,5782.81463363404,18.4212105708512,2731.3164,19.9826591636335,0.472316090526938,1.08476362542932
10,250,30,6575.62693351878,49.2788632714348,3939.2764,45.0043089566386,0.599072368281696,0.913257854767238
10,250,40,6333.9900301811,89.2462477107636,4824.56,78.506387219546,0.761693652344138,0.87966036929615
10,250,50,6258.27745386548,135.938674818038,5887.38999999999,124.726696421615,0.940736495529388,0.917521791267783
10,250,60,5889.50467020487,192.142779404082,6697.51,185.424436295519,1.13719410630283,0.965034631385058
10,250,70,5724.40349924608,236.980237042018,8407.17939999999,289.867463330527,1.468655974567,1.22317146336186
10,250,80,5043.55348446237,291.837515341964,10019.8816,430.089755070271,1.98667103082542,1.47373018361367
10,250,90,4033.13464093107,338.975359711018,11225.4484,601.55835529931,2.78330613763208,1.77463741261946
10,250,100,3599.74897565917,385.377720756814,13040.47,838.837951133151,3.62260537836867,2.17666436317548
10,250,110,3083.3160865206,415.34516745504,14956.6987,1137.69433308982,4.8508483335155,2.73915389472534
10,250,120,2870.35977287223,460.945084965009,17119.3696,1512.91270863718,5.96418949352454,3.28219728983991
10,250,130,2472.34247289874,486.331496405986,19315.3767,1947.56517226831,7.81258135219161,4.00460423941471
10,250,140,2149.43308274294,511.12085306389,21559.772,2470.1152449216,10.0304457827024,4.83274206112822
10,250,150,1809.63831590386,509.174125309009,24599.275,3126.24380140665,13.5934759912029,6.13983241883979
10,500,20,30516.5937999342,21.2956834377588,10847.6888,27.1132383965067,0.355468532009736,1.27318000738276
10,500,30,40526.6726585684,59.2566796386347,14492.7649,63.2730831175328,0.357610530282107,1.06777975923375
10,500,40,39597.5027166279,114.538214733592,16948.5119999999,114.443244945836,0.428019719356768,0.999170846271905
10,500,50,41073.5999760752,175.919138352729,18487.59,158.467876394686,0.450108829291048,0.900799525728396
10,500,60,37943.7149292864,250.400799623799,20423.4808,212.430493589023,0.538257280238957,0.848361881863704
10,500,70,36100.8148530039,335.281414338496,21751.3038,282.912288614752,0.602515591090324,0.843805461668469
10,500,80,30946.3760896398,420.3857448374,23601.8304,361.65686179795,0.762668634661277,0.860297634349697
10,500,90,31802.7438578145,529.456919887303,25048.9744,440.689149630969,0.787635636471818,0.832341845158566
10,500,100,30940.0377274555,627.676803861791,26653.3,542.481495315976,0.861450145432384,0.864268827489482
10,500,110,28687.314444145,734.457277819391,27611.614,649.474485941706,0.962502574221806,0.884291715196833
10,500,120,30955.3745832536,810.255967886413,30290.3344,802.860287367848,0.978516164245887,0.99087241462984
10,500,130,26728.0147433504,967.545770737292,32152.2556,976.955373499753,1.20294215297076,1.00972522752623
10,500,140,23881.6762067978,1042.51175205555,34710.6376,1175.83052613324,1.45344226675847,1.12788227453054
10,500,150,20963.3466633323,1166.45616032017,38692.195,1455.17960975295,1.84570696756534,1.24752190374093
10,500,160,19255.1505041041,1239.73434758198,40557.7983999999,1724.95919402055,2.10633505000936,1.39139421069116
10,500,170,18809.4639100767,1338.72187862932,44545.1264,2096.87740040046,2.36822945156539,1.56632787875806
10,500,180,19251.8792467839,1482.10199933913,46211.2324,2420.6122176517,2.40034917150852,1.63322916960577
10,500,190,18184.9223102149,1566.28947405788,50355.2067,2897.10214014719,2.76906361440513,1.84965945831296
10,500,200,15244.1565948928,1626.23676131559,53682.8800000001,3385.93310248713,3.52153821471405,2.08206651271859
10,500,210,14467.0007070269,1728.02088468486,56529.3289,3939.63494045974,3.90746707246253,2.27985377687042
10,500,220,13805.4032112788,1823.90614433559,60965.9504,4580.760602658,4.41609342856366,2.51151114155968
10,500,230,13066.5985943472,1894.6761127389,66081.5833,5322.75376075192,5.05729037460353,2.80932119477533
10,500,240,12576.5773095336,1961.90974443156,69618.0736000001,6072.31035363194,5.5355341828358,3.09510178583231
10,500,250,10641.5245381543,1950.34143546342,73445.5625,6907.39179576682,6.90178951678087,3.54163208050059
10,500,260,10349.3688980174,2009.63411429718,78758.0979999999,7883.21773580537,7.60994209174314,3.92271293551479
10,500,270,9982.02622308377,2108.5753196416,83971.9510000001,8916.44304507123,8.41231520768921,4.22865759738986
10,500,280,9184.40404098398,2160.78428122768,87442.7632000001,9961.47776579164,9.5207879367894,4.61012135840414
10,500,290,8304.16924554279,2119.05504474038,93374.7961000001,11181.6505275737,11.2443271974639,5.27671546585221
10,500,300,7743.2240806339,2137.18512473223,99854.68,12584.6662431631,12.895749749738,5.88843057979819
10,750,20,65300.0186865433,21.7819415593068,24997.1376,31.441552860955,0.382804447882206,1.4434687915835
10,750,30,107625.18768044,62.9006433038942,34038.1008,81.3564144083743,0.31626519343284,1.29341148412925
10,750,40,105236.28902376,120.718097441932,37579.4304,139.118060506222,0.357095739013709,1.15242091661642
10,750,50,112542.643659288,188.902632060278,41135.9099999999,198.72902729867,0.36551398352197,1.05201830769228
10,750,60,122591.753895703,282.419028104275,42313.9932000001,276.459529193439,0.345161822515397,0.97889838035759
10,750,70,112805.046488542,379.076844085515,46146.0738,348.27555203344,0.409078097447417,0.918746574651954
10,750,80,101074.087984027,480.164162682671,49436.5664000001,441.231818713819,0.489112168964735,0.918918680329374
10,750,90,95797.7875200708,599.843699924799,49807.7027999999,520.195247296963,0.519925397959369,0.867217989223157
10,750,100,96402.9823978859,724.057156090364,51264.8500000001,621.685233624134,0.53177659782779,0.858613478777007
10,750,110,86168.582605706,850.892130154092,54251.0015999999,721.209982197332,0.629591435294277,0.847592728430483
10,750,120,82491.5390230329,986.234971599553,55734.5952,831.44576151426,0.675640142735584,0.84305037385336
10,750,130,89203.9334730428,1147.16528673281,57913.5501,958.324816119468,0.649226416876575,0.835385124709299
10,750,140,89457.6466452842,1340.20851772914,59903.2452000001,1114.14759331347,0.669626884301209,0.831324065303877
10,750,150,76884.4953173322,1480.91692543244,61644.0600000001,1230.25174054672,0.801774918929637,0.83073649805675
10,750,160,66665.3072265998,1609.54414553071,65487.8144,1434.5766331864,0.9823372474292,0.891293747468717
10,750,170,66384.5181210085,1777.71145458519,66642.9086,1597.07132685676,1.00389233041536,0.898386137265126
10,750,180,64607.858292556,1930.49674276322,72508.4388000001,1873.47694968915,1.12228513243186,0.970463667816166
10,750,190,59021.5381101639,2116.21345339413,74543.064,2100.76889311921,1.2629807081758,0.992701794684204
10,750,200,58224.1021773659,2278.85483043694,78793.44,2420.13400348751,1.35327874631668,1.06199568799364
10,750,210,58241.9806987636,2428.90866523598,81657.0422999997,2725.96401597279,1.40203065418298,1.12229992629548
10,750,220,52990.2391520121,2586.1342191865,86164.2940000001,3097.12627107817,1.62604085920092,1.19758914603141
10,750,230,48883.5784094174,2701.12668426106,89524.2188,3478.47423980942,1.83137613310962,1.28778641152887
10,750,240,46157.7098632398,3003.36292820885,94573.2096000002,3941.2656705805,2.04891468576345,1.31228418435963
10,750,250,41858.2019831202,2999.04166586778,96886.25,4406.24926241028,2.31462999865762,1.46921908840347
10,750,260,44557.5547898592,3227.73081890943,100793.0712,4922.77552168336,2.26208712922773,1.52515057725496
10,750,270,45341.9482973907,3434.75961850694,104375.1699,5487.49445393398,2.30195599923099,1.59763566112942
10,750,280,40600.7343142644,3552.6132857681,110810.8992,6183.23212273644,2.72928312927257,1.74047430028669
10,750,290,42941.0665395356,3692.33911782914,115386.3056,6819.21627519534,2.68708522862991,1.84685535580074
10,750,300,36458.5227766515,3781.47807318488,122988.15,7714.77491882551,3.37337172856501,2.04014799756008
10,750,310,32969.9424398961,3861.05354667902,126011.8904,8435.60913458757,3.82202336657756,2.18479465063188
10,750,320,34030.4851695826,4046.55118589297,131673.5808,9340.0745726212,3.86928308967201,2.30815678427161
10,750,330,32712.9446960608,4221.00467628253,137987.8614,10307.4058480211,4.21814247179698,2.4419318713238
10,750,340,31545.5164584291,4325.01148827721,144019.0104,11359.637017083,4.56543517332453,2.62649869205501
10,750,350,28855.1707667201,4394.87729798904,148669.03,12414.9283981926,5.15224918271724,2.82486348455583
10,750,360,27750.2282597759,4464.36848513915,157594.9536,13715.3310759734,5.67905071355519,3.0721772007908
10,750,370,27048.513929079,4552.21259857999,164496.7979,15012.8796636958,6.0815465992442,3.29793025667977
10,750,380,26031.0557419006,4723.86395666319,170755.5908,16312.6913515107,6.55968749377864,3.45325172383531
10,750,390,23907.4798099825,4593.17087864112,177213.1266,17707.1300556198,7.41245534905795,3.8550993471548
10,750,400,22356.9737521494,4695.07096199807,185617.6,19273.0230297476,8.30244746260236,4.10494818624544
10,750,410,22124.6601439118,4850.19866973857,192094.8521,20883.8280174918,8.68238657003101,4.30576754469677
10,750,420,20632.221228127,4791.46944469611,201506.5728,22709.3524101107,9.76659616877776,4.7395381880706
10,750,430,19705.0649212715,4902.6019249358,204297.0914,24148.1950231919,10.3677451567014,4.92558755390039
10,750,440,19216.896349542,5072.27227388452,213302.8,26071.0622176327,11.099752848752,5.13991773506799
10,750,450,18084.9466726893,4867.36886275112,222461.5275,28066.7748576936,12.3009225034623,5.76631351539479
10,1000,20,134620.150688174,22.6318695194127,44327.1036,31.3955844057289,0.329275397281917,1.38722894186002
10,1000,30,158726.383960781,63.3813848933311,60589.5808000001,84.9557138314741,0.381723436823024,1.34038904284676
10,1000,40,168018.079791326,123.062362778982,67834.4624,150.644734500096,0.403733113033124,1.22413328574433
10,1000,50,222404.047994252,200.092800334257,72483.1825,220.466113709097,0.325907658397806,1.10181932253837
10,1000,60,224540.616828431,293.745464751263,74625.5932,306.939942833052,0.332347858726248,1.04491806568984
10,1000,70,207494.153821552,393.208037479121,80628.5253000001,408.421618793996,0.388582154316221,1.03869092150916
10,1000,80,189998.977248822,505.960374232492,81809.3375999999,503.085234130447,0.430577778810159,0.994317459926766
10,1000,90,211230.197572473,641.021210713868,83392.4457999997,607.551855376495,0.394794147609449,0.947787444817777
10,1000,100,196903.257306522,785.456698825246,86821.6999999999,694.602928256912,0.440935823955637,0.884330007364864
10,1000,110,172653.740456655,941.215332506256,88695.4651999999,851.131218778957,0.513718758512892,0.90428958112335
10,1000,120,178223.217485222,1108.24601431122,89444.1952,954.708473455508,0.501866123067924,0.861458973122376
10,1000,130,192624.88515784,1248.98711830414,93359.8045,1065.74299636191,0.48467156475395,0.853285819159579
10,1000,140,183434.467914169,1484.74174847257,95804.2907999999,1212.53914166292,0.522280746303514,0.816666698373857
10,1000,150,176611.247988862,1654.33279256942,97521.31,1324.03211225309,0.552180628983214,0.800342058260642
10,1000,160,143949.874790235,1839.06828657391,102749.696,1525.85912178921,0.713788019265229,0.829691389345747
10,1000,170,139282.893828356,2089.71501929395,104598.1255,1687.21118725548,0.75097610786936,0.807388170960045
10,1000,180,162030.862203414,2274.64772361717,105413.4208,1826.15169151631,0.6505761887983,0.802828355598001
10,1000,190,146937.250434293,2403.32315636607,111487.9615,2053.4577417512,0.758745390773833,0.854424315062197
10,1000,200,145274.380604339,2634.10238918812,115629.16,2298.55103166789,0.79593634830164,0.872612636890074
10,1000,210,138372.386659481,2885.43296658662,117377.686,2466.71184306435,0.848273913847081,0.854884473709469
10,1000,220,125197.077118651,3084.13564212842,120661.2144,2716.19047108089,0.963770218737998,0.880697474513929
10,1000,230,116509.290721998,3358.08495868984,121695.0371,2991.60016063753,1.04450929488856,0.890864941607881
10,1000,240,117838.694525717,3539.44600723276,123915.8656,3219.93662273907,1.05157194840576,0.909728984750499
10,1000,250,113066.783808025,3722.93943144126,130249.875,3600.16300679572,1.15197293681891,0.96702164327234
10,1000,260,103674.987170095,3931.38015139359,136431.3616,3997.0946467949,1.31595252938072,1.01671537548411
10,1000,270,107599.5974804,4201.64594717062,142870.3957,4439.43143790096,1.32779674873807,1.05659341451425
10,1000,280,103211.992949429,4337.98851922258,147895.0736,4876.87841237105,1.43292527712805,1.1242257536553
10,1000,290,104942.073204845,4734.35674002091,152829.638100001,5325.71333907294,1.456323793048,1.12490748617507
10,1000,300,112149.504325132,4872.17622060825,155663.17,5815.97527942303,1.38799695046995,1.19371201206202
10,1000,310,88168.744136678,5000.05308078771,161942.1622,6412.70530349347,1.83672982739733,1.28252744518529
10,1000,320,80617.3446456044,5152.01422765725,163716.4032,6875.60804623136,2.03078387063852,1.33454756575039
10,1000,330,87390.9022708717,5553.71625311669,169080.9847,7544.40325299845,1.93476643799748,1.35844233107239
10,1000,340,84382.9167761594,5693.97218668726,181721.5852,8425.01179058988,2.15353524318256,1.47963697650085
10,1000,350,72535.2198170402,5767.45155112367,186401.375,9160.41874661192,2.56980506118505,1.5882957430006
10,1000,360,73731.983636264,6089.65546385206,192915.1648,9913.89944544215,2.61643801354501,1.62799020474814
10,1000,370,73924.9095918391,6189.89800216468,198607.6945,10781.0375952855,2.68661396539503,1.74171490249359
10,1000,380,74717.9034762357,6491.62345793323,204169.4656,11646.0373526546,2.732537398683,1.79400999274262
10,1000,390,69799.2192710955,6668.4617406424,212186.7127,12649.7831162732,3.03995825334207,1.89695669080267
10,1000,400,68586.1527803585,6703.77824092847,220561.6,13715.1236662885,3.21583280383623,2.04587967760535
10,1000,410,58990.8319873317,6801.92865980213,226661.4276,14761.4346954692,3.84231616954777,2.17018369844217
10,1000,420,59939.9830930298,7076.67140956947,234501.2548,16021.0331931576,3.91226761669323,2.26392215575999
10,1000,430,58025.1202178536,7322.02643747365,241058.4667,17139.9410121366,4.15438116793129,2.34087395866471
10,1000,440,56822.1330369319,7313.63961299988,249937.6144,18512.7687328118,4.39859612868724,2.53126619746284
10,1000,450,57975.3909251161,7575.23998043719,252379.765,19688.5855031562,4.35322230644354,2.59907086164944
10,1000,460,53922.9361408656,7701.32217414806,261041.2432,21115.3948274799,4.8410057367438,2.74178827349418
10,1000,470,51841.9871433899,7992.54979678159,269952.576700001,22710.2552806869,5.2072189276491,2.84142806214755
10,1000,480,48831.0145582312,8006.25253182046,278967.808,24277.2755725896,5.71292262763309,3.03228951074185
10,1000,490,51934.8495507464,8282.03827035551,289436.1824,26092.3837920725,5.57306288366518,3.15047853442876
10,1000,500,46492.2604736959,8347.01733113884,294646.5,27552.2473395688,6.33753869994562,3.30084942279731
10,1000,510,47818.1180882964,8511.5299819592,307237.726,29661.2191264828,6.4251321106507,3.48482813188133
10,1000,520,45440.8630907521,8670.26907357333,314508.0864,31427.3710599997,6.92126128352538,3.62472845921117
10,1000,530,42433.5520283749,8596.17780623256,328193.3113,33672.7851583289,7.73428797760179,3.91718109110247
10,1000,540,43498.0460243572,8869.45646857957,329486.3308,35219.351402307,7.57473865873195,3.97085791300438
10,1000,550,39298.5233212333,8600.21267008195,344349.8675,37717.3066003551,8.76241238596223,4.38562487315743
10,1000,560,37485.7150989599,8567.24177093488,355971.4176,40064.7157637975,9.49618852568926,4.67650112311766
10,1000,570,35205.2860597712,8835.96158503304,366962.731000001,42509.2134255982,10.4235122639531,4.81093234918577
10,1000,580,36011.6084966288,8748.2995265414,373770.8332,44805.5384984045,10.3791762935274,5.1216283075893
10,1000,590,33456.758501521,8963.8202360974,388155.9698,47500.8266478295,11.6017207639035,5.29917216060884
10,1000,600,34032.1599814004,9055.74795871356,395512,49946.7486811736,11.6217131153638,5.51547469175245
15,250,25,1752.11723071113,13.2636640813986,1678.17916666667,14.5312162247673,0.957800732309185,1.09556576038037
15,250,35,2322.66101723569,34.348777719417,2774.4257,36.5026297436082,1.19450306325887,1.06270534694962
15,250,45,2608.39057735573,61.8175804496141,3789.2362,70.9280663124417,1.45271043105874,1.14737694029053
15,250,55,2482.27888519947,90.4732843827318,4793.58774444445,122.538672380929,1.93112376414516,1.35441830388903
15,250,65,2556.07459767936,125.727713523384,6181.96925555555,206.266892246794,2.4185402339854,1.64058413587893
15,250,75,2223.43004691651,156.296608572162,7606.66499999999,324.773654467791,3.42113978829648,2.07793155228857
15,250,85,2114.01315622101,191.623557079247,9133.64854444444,481.702959791438,4.32052587637235,2.51379823615437
15,250,95,1910.86600179956,220.495029066633,10760.8660888889,690.138712475847,5.63140799970005,3.12995134356199
15,500,25,9481.72639431771,16.7153526124293,6056.42722222222,18.4681321424204,0.63874730933512,1.10486045796532
15,500,35,12249.5442215824,41.5441692319607,8842.99315555556,44.5253950895338,0.721903851734757,1.07176039171532
15,500,45,14866.9579169696,77.3387673745137,11135.149,76.7930098725028,0.748986380548638,0.992943286781802
15,500,55,15223.9429071313,120.962289529321,12295.6174555556,110.556709823702,0.807649997806809,0.913976663751084
15,500,65,14782.6928937839,170.633355513004,14148.5329222222,157.539020335349,0.957101187441411,0.923260401588618
15,500,75,19027.9758016672,233.234360504497,15410.455,213.684366226426,0.809884097006775,0.916178755841191
15,500,85,15996.8090449268,294.115932087518,17768.4823111111,288.243513730175,1.1107516668611,0.980033661163261
15,500,95,13843.5009743962,351.537156444689,18744.8938222222,363.774140977302,1.35405731952425,1.03480993206059
15,500,105,13679.0627272963,422.820995857849,21272.2931,482.60105968542,1.55509873184159,1.14138385844886
15,500,115,13222.2999420099,486.871395146209,23088.5164111111,608.2873928744,1.74618005281776,1.24938001890978
15,500,125,12335.6778176554,555.341271982803,25515.3263888889,766.794240542287,2.06841705547548,1.38076220736216
15,500,135,11912.4898788127,620.389612609985,28123.6804,968.209084744937,2.36085660395986,1.56064683396563
15,500,145,11670.2277053548,705.45583173268,30464.0962444445,1191.97879205985,2.61041146870392,1.6896575780403
15,500,155,10436.2083149794,753.972814656229,33192.4307777778,1460.13868989226,3.18050672964583,1.93659328494225
15,500,165,9851.56866594849,829.128063725312,36749.6473,1796.1680214555,3.73033458387429,2.16633364619843
15,500,175,10070.232558499,899.059880734437,39204.4811111111,2133.21319146175,3.89310583279662,2.37271536320711
15,500,185,9247.0870830513,968.070628691172,42848.1629,2572.37893743366,4.63369302302074,2.65722237737086
15,500,195,8409.14714343227,1004.77425650827,47082.8973,3079.61056690204,5.5990098040766,3.06497757775376
15,500,205,7740.50893912114,1044.23065772805,50710.4599555555,3619.64139306387,6.55130823494833,3.46632361947615
15,500,215,7937.51694966669,1136.0425307741,54617.9721777778,4221.94768237811,6.88098967524993,3.71636410434501
15,500,225,7349.17303883665,1215.94288889424,59326.735,4927.75586607,8.0725728849339,4.0526211478166
15,500,235,6761.9693554221,1197.97501772304,63691.1378111111,5687.73734323153,9.41902195401703,4.74779294984134
15,500,245,6432.58451090846,1247.91213859707,67397.5206555556,6482.47326166266,10.4775181019794,5.19465518538061
15,500,255,5985.59615232462,1291.51451441798,71648.6939,7343.32127613638,11.9701851038136,5.68582171873276
15,500,265,6014.6304434609,1368.08971458582,77467.2285111111,8408.12620513835,12.879798557754,6.1458880331425
15,500,275,5291.60823282452,1355.70543732703,82877.3330555556,9492.99833034914,15.6620311650165,7.00225732594684
15,500,285,5026.60969769889,1368.64756760632,87432.8289,10612.6485671034,17.3939959850126,7.7541134900523
15,500,295,4814.16929823425,1405.56815521567,92975.9374555555,11896.6616376464,19.3129762781,8.46395217016064
15,750,25,23286.7576900774,17.2496354361428,13997.1422222222,21.2322705721298,0.601077333672194,1.23088227868528
15,750,35,30303.5043415158,44.8017758950378,19473.5597888889,49.9759167965489,0.642617420395506,1.11548963848293
15,750,45,37185.9067071651,84.9006801389432,23110.1325,84.6081131310854,0.621475568203562,0.996554008667786
15,750,55,37117.0001574034,132.652154844294,26071.9351777778,130.372735319329,0.702425709707509,0.982816566171579
15,750,65,40086.7751668276,191.194495800076,27798.1356222222,177.724309758267,0.693449036659491,0.929547208012231
15,750,75,39223.9774761935,257.823144351728,30355.09,228.372215958142,0.773891174560856,0.885770812129229
15,750,85,39033.8782643981,323.961193707223,32091.8802333333,296.062117420906,0.822154540114033,0.913881425219313
15,750,95,40708.8642000564,396.272597465066,35373.5420111111,370.937583848858,0.868939546858252,0.936066703127405
15,750,105,39889.9507981874,489.560495053238,37383.5788,457.573737921703,0.937167834303239,0.934662299236265
15,750,115,41163.408254901,583.254869757717,39054.7578555556,542.351827258536,0.948773668441451,0.929871065600923
15,750,125,36437.0614780392,680.149212356615,41189.0069444444,638.617840671285,1.13041516724034,0.938937852267107
15,750,135,34522.1328877551,768.017561183121,44085.2013,764.466900465486,1.27701267599363,0.995376849570776
15,750,145,32499.6256181451,847.281838320434,47437.8588222222,918.478583031407,1.45964323957433,1.08402958908231
15,750,155,35655.2464054578,989.446547766271,48961.5278333333,1064.96557009061,1.37319280524839,1.07632450938843
15,750,165,32563.2576100153,1085.86294388348,53403.4691999999,1271.6383546483,1.63999160770619,1.17108550559834
15,750,175,31332.844204267,1175.48923844582,55984.2913888889,1471.42452626203,1.78676059613077,1.25175499539875
15,750,185,30029.7285169566,1262.19156720284,59600.2126555556,1719.5742764721,1.98470700865316,1.36237186268236
15,750,195,28952.3025912295,1362.97996752156,62650.9256000001,1987.08332318433,2.16393585285955,1.45789620576569
15,750,205,28242.8496767242,1494.71140347521,65747.9715333333,2292.32000823334,2.32795104905856,1.53362047208825
15,750,215,28390.2344124402,1620.07451577422,70083.1861222222,2638.66935531818,2.46856665936906,1.62873332653911
15,750,225,25954.8988688128,1683.01120747401,72032.9399999999,2973.91731368441,2.77531191179304,1.76702169330642
15,750,235,24397.59990662,1814.1623560213,79772.6339555555,3484.3934904733,3.26969186562938,1.92066243625241
15,750,245,24255.4665371016,1941.8109454973,83025.9921666667,3954.94098248778,3.42298063158953,2.03672813342543
15,750,255,22728.3273426575,1995.20655410744,88877.5554,4517.17847588684,3.91043098157033,2.26401545573691
15,750,265,22888.4811952759,2131.08972090748,91424.1727555556,5024.57592702166,3.99433112121154,2.35774959530191
15,750,275,21053.0439175469,2190.79565043686,95689.315,5612.86358683447,4.54515344074528,2.56202060001134
15,750,285,21309.3276179585,2350.45143399036,104095.5386,6440.71039876588,4.88497527778743,2.74020143774317
15,750,295,20498.0346156041,2455.59716368802,107697.121366667,7118.49166475032,5.25402183117998,2.8988841370297
15,750,305,18698.3689328728,2430.91990518136,112634.984344444,7898.60467083954,6.02378660667164,3.24922456474364
15,750,315,19573.5430724177,2613.22683207189,117663.8418,8760.92107840931,6.01137164409481,3.35252989556334
15,750,325,18353.3638318237,2709.56178990847,123936.806388889,9746.47720864674,6.7528115022702,3.59706770480255
15,750,335,17271.1328321721,2707.60101528558,129026.834866667,10668.8789178853,7.47066426507469,3.94034381640973
15,750,345,16893.5141400654,2806.12023194767,135875.8037,11754.7865272671,8.04307514549332,4.18898178112217
15,750,355,15955.4521838877,2882.20913486395,142488.342744444,12961.3050933511,8.93038574540264,4.49700368254605
15,750,365,16248.3190741135,2990.56766611617,150321.1731,14241.1804123166,9.2514907181684,4.76203249759986
15,750,375,14535.0329793247,2971.74079787322,157352.8125,15534.9056358068,10.8257623304897,5.22754395232741
15,750,385,14303.3086670246,3079.98284910183,161937.492355556,16817.2876206881,11.3216806072914,5.46018872332106
15,750,395,13371.093232867,3087.88249661895,172949.747411111,18523.6192668092,12.9346003650614,5.9988096331682
15,750,405,13208.8804198236,3148.59281494328,178740.0954,20006.6832917409,13.5318126683735,6.35416659683297
15,750,415,12639.2124321825,3167.46487762219,186736.991166667,21659.4847742972,14.7744166947608,6.83811363697168
15,750,425,12181.5381557542,3178.98912519972,195469.456944444,23449.0639900913,16.0463690582548,7.37626429867641
15,750,435,11160.4507603474,3169.25524511843,205393.3301,25436.574819747,18.4036769222399,8.02604172034633
15,750,445,10704.5069088874,3236.74285417938,210357.207588889,27115.8740221521,19.6512748676205,8.37751877234834
15,1000,25,42630.8137536036,18.3959099802781,24508.4808333333,21.7763320965251,0.574900610037303,1.18375943999895
15,1000,35,56724.6641639544,46.051880748186,35100.7080777778,53.4777673576587,0.618790936801746,1.16125045250764
15,1000,45,74647.0985442647,93.9972375982823,40343.6284000001,95.0968810266548,0.540458091295763,1.01169867813639
15,1000,55,74455.6244762166,140.353185802163,45064.8841888889,140.828910801033,0.605258293190247,1.00338948486386
15,1000,65,80108.0267470755,203.676678665514,48697.2584333333,192.375840487958,0.607894869100756,0.944515797038724
15,1000,75,72645.5867718696,265.406837826212,52837.3575000001,261.736519556536,0.72733059016959,0.986170973213285
15,1000,85,78369.2538092037,345.15153928399,54054.0333888889,323.921887168046,0.68973520560101,0.938491793604674
15,1000,95,75271.5392588407,439.7456552928,57346.2214333333,396.163953217071,0.761857961162897,0.900893387913724
15,1000,105,78702.6059986771,532.550136239376,58140.0333999999,464.60460341148,0.73873072768362,0.872414767729297
15,1000,115,74173.8067638701,631.192560627383,61380.0139444445,567.205962536392,0.827516027859346,0.898625867790028
15,1000,125,74342.0087692507,739.12471368955,63975.5486111111,650.187933601765,0.860557169092432,0.8796728367479
15,1000,135,69849.8808648135,847.630968453995,68126.8770999999,766.76957322587,0.975332760149609,0.904603066384409
15,1000,145,86494.5690209514,986.037248965425,70175.2665111111,904.25881365664,0.811325697155768,0.917063543598795
15,1000,155,69164.7851165723,1067.79199960011,72095.4729,996.532213517653,1.04237254230586,0.933264356626434
15,1000,165,79510.8942056342,1208.09966054833,76835.9163999998,1152.172245932,0.966357090655825,0.953706290596143
15,1000,175,67492.0577690451,1323.82760180826,76787.1888888888,1278.57121412648,1.1377218509421,0.965813986942134
15,1000,185,69061.3933142921,1521.856454326,82489.7903666667,1485.91114508526,1.19444144416929,0.976380617804943
15,1000,195,60756.4574931258,1597.73433295631,87961.7312999999,1706.36528539431,1.44777584028747,1.06799062284466
15,1000,205,61758.9583430697,1780.49756092616,89167.7431,1907.88025178783,1.4438025752422,1.07154331107054
15,1000,215,59314.1657488657,1887.54162638753,92222.3813222222,2115.99788397805,1.55481207832694,1.12103375861848
15,1000,225,58702.791143275,2037.1475747725,95731.6525,2388.87132076188,1.63078536191489,1.17265501544661
15,1000,235,56691.3813650629,2196.38439253169,102296.541322222,2709.97554332275,1.80444608790684,1.23383482077974
15,1000,245,57709.601821977,2306.65936086335,106162.312677778,3039.81961319277,1.83959530695201,1.31784504672376
15,1000,255,53418.8636379211,2443.70985844729,109131.779,3345.86078075941,2.04294459986471,1.36917268193424
15,1000,265,54550.4856208333,2688.52531229755,113423.480066667,3733.05524842643,2.07923868643525,1.38851407920584
15,1000,275,49378.2117983344,2717.38639298237,117475.2525,4145.36198328219,2.37909086258086,1.52549596700254
15,1000,285,48645.5114660233,2862.75043087614,124611.936,4670.45370298287,2.56163276414589,1.63145681600805
15,1000,295,50040.9971704176,3011.13311566688,127785.527477778,5061.02525447604,2.55361672835168,1.68077101212949
15,1000,305,46712.0769511343,3167.76540400367,135580.367688889,5699.05972408881,2.90246926572586,1.7990788449441
15,1000,315,45914.7274611168,3351.52977554091,140961.6268,6253.80869112911,3.07007434421503,1.86595647658234
15,1000,325,44162.6773631451,3417.18739289721,143653.253333333,6800.76811339905,3.25282029782949,1.99016539963093
15,1000,335,43711.8229946002,3595.05243220989,152405.676522222,7578.6396483912,3.48660078855666,2.10807485879492
15,1000,345,42295.2037724835,3769.09428933087,161896.4335,8435.43233053557,3.82777286925681,2.23805288034678
15,1000,355,41880.556927752,3879.00312928361,164030.073122222,9068.98932332423,3.91661632879405,2.3379690660366
15,1000,365,39573.4573403273,3943.67110404439,168613.988122222,9833.63826258593,4.26078486577912,2.49352392812402
15,1000,375,38080.1257663223,4097.4165564769,175248.9375,10719.3037124417,4.60211026022893,2.61611275414442
15,1000,385,37732.5362803708,4317.60357052392,186281.742511111,11843.4350200351,4.93689957989966,2.74305753795686
15,1000,395,37514.3480739906,4437.12306617802,195717.804177778,12943.2935712696,5.21714528509886,2.91704633345194
15,1000,405,34128.448739547,4327.12895949855,202185.1027,14005.9982770647,5.92423945907961,3.23678781200176
15,1000,415,33090.6307033993,4537.68156668074,208320.824255556,15117.5012653453,6.2954624867321,3.3315474087803
15,1000,425,33872.5185654708,4702.8827357803,217795.324722222,16331.5401597593,6.42985328360673,3.47266582589998
15,1000,435,31991.1905318891,4784.55585455099,225296.175,17611.8929264105,7.04244422461935,3.68098805026142
15,1000,445,31519.1520503214,4860.73923901836,234590.812233333,19084.7350743847,7.44280213689762,3.92630300370503
15,1000,455,31174.4764513871,5091.27198138268,239476.9822,20296.6409450344,7.68182851678155,3.98655601571737
15,1000,465,29891.0617360857,5029.26459365624,248257.2137,21783.5710945837,8.30539965063515,4.33136310268123
15,1000,475,29943.947111099,5260.38654847049,260751.282777778,23540.8220953532,8.70797967316499,4.47511259456739
15,1000,485,28771.2527143302,5369.84403185806,268908.735588889,25213.3017910746,9.34643820548532,4.69535085963202
15,1000,495,27352.5527511784,5392.96882986861,271797.6658,26537.9985957621,9.9368299651041,4.92085147030392
15,1000,505,27122.3681111411,5579.13752585159,285331.175488889,28601.4850756894,10.5201424270797,5.12650655108627
15,1000,515,25861.9781795242,5487.54787286325,298357.482388889,30800.5473215247,11.5365298167759,5.61280703788263
15,1000,525,24334.5663274583,5525.57498450244,306613.425,32674.9268419568,12.5999132622317,5.91339850306982
15,1000,535,22924.940805246,5401.68839723899,312722.651588889,34427.7342293247,13.6411541580656,6.37351355678385
15,1000,545,24279.4372757815,5836.5648296367,325049.325577778,36838.9726824683,13.3878442850902,6.3117559314014
15,1000,555,22396.1173418815,5746.00659561282,337268.0176,39133.9764944489,15.0592181873104,6.81063897913524
15,1000,565,22188.4097058849,5868.14675764688,347787.653411111,41451.7321815297,15.6742938327333,7.06385404003628
15,1000,575,20579.6154817858,5674.81977203566,355469.971388889,43674.5333033228,17.2729160903663,7.696197422611
15,1000,585,20050.340612924,5848.78227234622,366695.4307,46214.337248794,18.2887382204189,7.90153148071544
15,1000,595,19345.0022031629,5778.95809638227,378179.021044444,48785.8853225817,19.5491846975655,8.44198634233435
20,450,30,3607.70918792429,13.2318217027304,3257.85015,13.9746182812644,0.903024601014036,1.05613713630836
20,450,40,5228.18510344669,32.9752424177062,5326.33359999999,34.1736865126374,1.01877295746254,1.03634375389118
20,450,50,5972.4002001617,58.4506150850668,6955.210625,61.3559295906435,1.16455870201258,1.04970545650116
20,450,60,6137.03441655552,89.5738341764113,8344.94310000001,97.9903064840572,1.35976801392678,1.09396128216495
20,450,70,6586.40682511466,124.322445897335,10236.294975,149.00102400311,1.55415467747421,1.19850460572627
20,450,80,6415.98381116321,162.286223526435,11744.5248,212.05780731035,1.83051035440046,1.30669013488879
20,450,90,6784.76885649405,210.857121080328,13780.33965,300.32090587157,2.03106987746681,1.42428628605415
20,450,100,6500.95400987694,251.824001765705,15393.57,404.532820753723,2.3678940008824,1.60641089775905
20,450,110,6003.34359239247,290.825632100304,17277.7056,535.052599353193,2.8780137825019,1.83977112157933
20,450,120,6276.17037181315,349.041600387528,19574.1792,702.42672451891,3.11880940770974,2.01244414344603
20,450,130,5802.37207401479,389.110543489444,22039.395975,912.322861273954,3.7983424182156,2.34463670167474
20,450,140,5525.12281596727,429.932579073028,24839.7585,1163.24348015404,4.4957839540172,2.70564162097716
20,450,150,5018.64764131981,466.794701486022,27414.489375,1451.26864683897,5.46252523275185,3.10900839752233
20,600,30,6981.4628314794,14.122289185539,5490.75645000001,14.957439108439,0.786476499630163,1.05913700760038
20,600,40,10356.5191945118,35.3533911756368,8810.88999999999,36.1942589180207,0.850757849671067,1.02378464171107
20,600,50,11337.2354104139,62.8411170488867,11058.40625,63.4633988079762,0.975405894795327,1.00990246176887
20,600,60,13236.1207203028,98.9724140234119,12893.2335,96.6163930075063,0.974094583484959,0.97619517479539
20,600,70,13813.0428465723,144.88685389911,14595.744125,137.542192297461,1.05666392894901,0.949307605182986
20,600,80,13395.0355469641,181.882015760644,16694.0608,190.149295828392,1.24628715925906,1.04545408204969
20,600,90,13433.9378797096,234.198222589695,18691.056,253.358687726873,1.39133113219398,1.08181302541628
20,600,100,13204.8295832043,286.096175454079,20954.21,332.556916728321,1.58685955528365,1.16239553430067
20,600,110,13444.1779454938,349.639606772564,23844.69315,441.285588296564,1.77360737463255,1.26211556056238
20,600,120,12880.7869130102,397.145094369437,24742.2024,535.9872212923,1.92086109079324,1.34960050845726
20,600,130,13020.1799160384,468.985884288433,26594.39305,662.16924007886,2.04255188649435,1.41191720745185
20,600,140,12025.961191653,517.75253712075,30893.9542,862.820962276162,2.56893845802887,1.66647365375427
20,600,150,12170.72157492,589.676932660204,34170.37875,1069.68800868296,2.80758856733805,1.8140238314178
20,600,160,11421.168232254,643.449680737273,36496.6656,1283.17258957209,3.19552823825251,1.99420813777048
20,600,170,10829.3264547158,700.275643770083,39908.0361499999,1564.63122315007,3.68518174393214,2.23430764309686
20,600,180,10361.2457497516,776.645528485493,42837.3477000001,1859.3503095176,4.13438197825073,2.39407843259389
20,600,190,10429.2950115538,836.777969019802,46312.9549749999,2210.46375850855,4.4406601715354,2.64163713714628
20,600,200,9570.99391388584,878.053184761642,50178,2616.95075501242,5.24271569405143,2.98040118802464
20,800,30,12998.4157323914,14.7975043825107,9858.003325,16.2471735282054,0.758400371857193,1.0979671374457
20,800,40,18827.7509700617,37.5353440662905,14579.9824,38.1696627097855,0.774387892806948,1.01689923615392
20,800,50,22361.1901289061,67.1730140075364,18432.99125,68.6821181255248,0.82432961500434,1.02246592832382
20,800,60,25073.2734192148,107.619069860713,22157.7049,104.721076198399,0.883718074203249,0.973071745871197
20,800,70,26549.5286045185,151.777179855916,23516.961325,142.859175101134,0.885776982156948,0.941242782589267
20,800,80,26195.7658775905,197.451910850473,25584.6,188.258439021618,0.976669287683877,0.953439438548573
20,800,90,27866.1717856455,260.811025099854,28178.3874250001,242.222807825244,1.01120410947568,0.928729173670886
20,800,100,27146.6030389064,318.844687400637,29923.4975,304.308091352948,1.10229252098739,0.954408536123976
20,800,110,26795.2871252633,389.348025473757,33661.4825999999,389.573061688375,1.25624638551691,1.00057798216479
20,800,120,26941.7754574489,453.513813938818,35102.6584,468.867849748095,1.30290813444868,1.03385571803409
20,800,130,25925.6079452489,526.616551130624,39125.266125,583.560320950416,1.50913591718377,1.10813137129385
20,800,140,25741.7358653439,602.695213536912,39950.6984,688.330523590044,1.55198152171958,1.14208725758843
20,800,150,23453.9594347687,666.518434561052,42948.3606250001,821.740865091781,1.83117740714314,1.23288542744201
20,800,160,24603.8013539968,754.214147453517,47192.3328,1004.46183710637,1.91809111612478,1.33179925157567
20,800,170,22861.7729456067,812.160822712873,49496.371225,1172.93489601299,2.16502767929518,1.44421506579819
20,800,180,23636.4324031512,927.298825911258,51283.5616000001,1346.11560921472,2.16968283221807,1.45165244643967
20,800,190,22603.4213142726,988.67975594027,57578.68635,1638.0198115016,2.54734385336802,1.65677490781005
20,800,200,22477.5503366141,1083.79117584317,60860.54,1898.38241947397,2.70761444590619,1.75161272926684
20,800,210,20850.4404048653,1157.20798019609,64113.233125,2192.88946498056,3.07491025993099,1.8949830130008
20,800,220,21109.6322746846,1263.29776341781,69183.1709999999,2553.3907634935,3.27732715093132,2.02121054705692
20,800,230,20527.8391672004,1358.03211094895,73280.8119,2927.41067482571,3.56982589853338,2.15562699233977
20,800,240,19286.3417774566,1386.54922803961,77422.816,3345.95305946706,4.01438577068555,2.41315129084726
20,800,250,19515.8347565617,1500.09721156233,81843.796875,3801.16986781072,4.19371233134069,2.53394902577804
20,1000,30,20740.7163595569,15.1616410071001,15712.07095,17.4513783581043,0.757547168459308,1.15102173636297
20,1000,40,31356.7948478543,38.6098549157345,22878.2516,40.126323140139,0.729610654118418,1.03927671387821
20,1000,50,37536.0189451209,71.0726375104687,27857.6975,70.4098875000053,0.742159085669927,0.990675032844168
20,1000,60,42567.0167551831,113.218729992126,32483.806,110.510304625407,0.763121507594131,0.976077938986708
20,1000,70,43176.9913612202,153.096424183088,35154.9074249999,148.058747053074,0.814204656616592,0.96709474334953
20,1000,80,43323.9180342221,204.712928876496,38593.1472000001,197.971125219329,0.890804639818469,0.967067035315422
20,1000,90,42982.5528616017,267.039381272346,39769.5879999999,246.675435309783,0.925249557141309,0.923741787201813
20,1000,100,45377.5294791503,335.955621656651,42956.3375,307.569759899395,0.946643371577496,0.915507108893489
20,1000,110,46004.2546621913,407.110788449309,45647.51135,380.494886285298,0.992245427845515,0.934622459244098
20,1000,120,45634.5283633521,481.896836320047,48409.2568,458.796387989706,1.06080326752925,0.952063498680039
20,1000,130,43146.8505136379,559.654120155345,52209.519025,555.35417647015,1.21004241105611,0.992316783652013
20,1000,140,43139.2926686331,635.177771744757,55117.8408,649.366638998789,1.27767140790597,1.02233841907763
20,1000,150,42890.7467654136,744.231075920887,56355.5256250001,745.611256811457,1.31393202205666,1.00185450585876
20,1000,160,42997.6216788712,814.839858384267,60791.5583999999,887.6154861868,1.41383537103571,1.08931279815747
20,1000,170,41628.8595380612,919.887454149247,63662.99335,1037.78903431749,1.5292994825331,1.12816957078437
20,1000,180,39313.2561993273,996.477483470108,66035.3932000001,1176.17116683228,1.67972331941128,1.18032889487519
20,1000,190,37844.5469213646,1084.35611297444,68543.032425,1344.14691556968,1.81117328653511,1.23958070553281
20,1000,200,37639.6417651443,1184.68084730136,75584.9899999999,1587.65735843517,2.00812192824838,1.34015617965949
20,1000,210,39362.1450005048,1305.41420126971,78122.3077749999,1797.55703017511,1.98470656957333,1.37700128313812
20,1000,220,37684.4546585183,1387.24131446179,80779.2876999999,2022.49687231373,2.14357056329964,1.45792721946029
20,1000,230,37259.7361274182,1523.48327540505,86248.83205,2313.19102571962,2.31479986210993,1.51835669157878
20,1000,240,37219.1750897588,1625.22694446273,88550.3872000001,2578.15996976563,2.37916039209492,1.58633843633322
20,1000,250,34526.0617302041,1748.01701078042,95204.4375,2961.56304966013,2.75746588892626,1.69424154993658
20,1000,260,34279.2063908821,1823.6010312562,99510.7272000001,3336.35830309237,2.90294722886201,1.8295439879161
20,1000,270,33210.6984364262,1947.38328770624,103564.214875,3708.06279002858,3.11839918312012,1.90412581510658
20,1000,280,30892.4405957558,2016.4364701047,111235.6228,4236.23313519736,3.60073923117885,2.10085127798616
20,1000,290,32795.2133952989,2183.1884661554,115448.35245,4694.70978014571,3.52028056833895,2.1503914357028
20,1000,300,31655.3836275697,2260.77834283232,122047.585,5246.11559973726,3.85550800571264,2.32049091250798
